Recording ID,File_name,Folder_ID,Class_ID,Class,File_path,Ship Name,Date of Recording,Time of Recording,Durations (s),Distance (m)
1,1.wav,1,1,Cargo,Cargo\1\1.wav,SEASPAN SWIFT,20171104,203623,458,1583-1981
2,2.wav,2,1,Cargo,Cargo\2\2.wav,ISTRA ACE,20171104,223241,441,1535-1779
3,3.wav,3,1,Cargo,Cargo\3\3.wav,SAMOS WARRIOR,20171105,84406,297,642-1520
4,4.wav,4,1,Cargo,Cargo\4\4.wav,NYK REMUS,20171106,115234,331,1579-1906
5,5.wav,5,1,Cargo,Cargo\5\5.wav,SEASPAN RELIANT,20171107,452,208,477-1241
6,6.wav,6,1,Cargo,Cargo\6\6.wav,PRINCESS SUPERIOR,20171107,75012,487,1600-1905
7,7.wav,7,1,Cargo,Cargo\7\7.wav,UNITED SPIRIT,20171110,121636,534,1262-1905
8,8.wav,8,1,Cargo,Cargo\8\8.wav,PRINCESS SUPERIOR,20171111,30510,279,1878-1972
9,9.wav,9,1,Cargo,Cargo\9\9.wav,ITAL UNIVERSO,20171111,201843,300,160-1943
10,10.wav,10,1,Cargo,Cargo\10\10.wav,SEASPAN SWIFT,20171111,212650,291,1670-1940
11,11.wav,11,1,Cargo,Cargo\11\11.wav,EMINENT ACE,20171111,234213,441,1138-1705
12,12.wav,12,1,Cargo,Cargo\12\12.wav,HARVEST LEADER,20171112,84555,255,966-1888
13,13.wav,13,1,Cargo,Cargo\13\13.wav,MERLIN ARROW,20171113,2202,347,1635-983
14,14.wav,14,1,Cargo,Cargo\14\14.wav,APL PARIS,20171114,180932,383,1989-1985
15,15.wav,15,1,Cargo,Cargo\15\15.wav,NEW NADA,20171114,195740,187,1972-1333
16,16.wav,16,1,Cargo,Cargo\16\16.wav,NEW NADA,20171114,200823,294,625-1759
17,17.wav,17,1,Cargo,Cargo\17\17.wav,SEASPAN SWIFT,20171114,214206,218,1319-1942
18,18.wav,18,1,Cargo,Cargo\18\18.wav,PRINCESS SUPERIOR,20171115,105346,437,1954-1384
19,19.wav,19,1,Cargo,Cargo\19\19.wav,KM TOKYO,20171115,134804,341,1955-1505
20,20.wav,20,1,Cargo,Cargo\20\20.wav,BUENA VENTURA,20171115,185200,391,1559-1198
21,21.wav,21,1,Cargo,Cargo\21\21.wav,VIKING ADVENTURE,20171215,200555,202,285-1592
22,22.wav,22,1,Cargo,Cargo\22\22.wav,SEASPAN RELIANT,20171116,2044,357,1989-1700
23,23.wav,23,1,Cargo,Cargo\23\23.wav,SEASPAN SWIFT,20171215,214529,207,1145-1803
24,24.wav,24,1,Cargo,Cargo\24\24.wav,ISLAND SPIRIT,20171117,45829,300,1967-1948
25,25.wav,25,1,Cargo,Cargo\25\25.wav,TRITON HAWK,20171117,55206,378,688-1978
26,26.wav,26,1,Cargo,Cargo\26\26.wav,SEASPAN SWIFT,20171117,225044,221,1246-1940
27,27.wav,27,1,Cargo,Cargo\27\27.wav,SEASPAN RELIANT,20171118,55532,196,980-1905
28,28.wav,28,1,Cargo,Cargo\28\28.wav,PRINCESS SUPERIOR,20171118,74918,488,1756-1990
29,29.wav,29,1,Cargo,Cargo\29\29.wav,SEASPAN RELIANT,20171119,151043,339,1644-1953
30,30.wav,30,1,Cargo,Cargo\30\30.wav,SEASPAN SWIFT,20171120,214753,324,1490-1995
31,31.wav,31,1,Cargo,Cargo\31\31.wav,PRINCESS SUPERIOR,20171121,31902,197,1765-1976
32,32.wav,32,1,Cargo,Cargo\32\32.wav,KITE ARROW,20171121,111158,736,1481-1592
33,33.wav,33,1,Cargo,Cargo\33\33.wav,AMIS FORTUNE,20171121,202039,347,643-1873
34,34.wav,34,1,Cargo,Cargo\34\34.wav,APL SOUTHAMPTON,20171121,210343,390,1961-1999
35,35.wav,35,1,Cargo,Cargo\35\35.wav,SEASPAN RELIANT,20171122,60651,303,1675-1660
36,36.wav,36,1,Cargo,Cargo\36\36.wav,PRINCESS SUPERIOR,20171122,75414,267,1826-1166
37,37.wav,37,1,Cargo,Cargo\37\37.wav,SEASPAN SWIFT,20171122,113017,466,1991-1787
38,38.wav,38,1,Cargo,Cargo\38\38.wav,MERLIN ARROW,20171122,135158,196,1993-1645
39,39.wav,39,1,Cargo,Cargo\39\39.wav,ARIES LEADER,20171123,4508,348,1043-1734
40,40.wav,40,1,Cargo,Cargo\40\40.wav,PRINCESS SUPERIOR,20171123,135730,537,1290-1901
41,41.wav,41,1,Cargo,Cargo\41\41.wav,SEASPAN RELIANT,20171124,54853,183,1243-1592
42,42.wav,42,1,Cargo,Cargo\42\42.wav,PRINCESS SUPERIOR,20171124,134001,406,1374-1945
43,43.wav,43,1,Cargo,Cargo\43\43.wav,CHIOS LUCK,20171124,161634,351,1646-561
44,44.wav,44,1,Cargo,Cargo\44\44.wav,GLOVIS CENTURY,20171125,25208,200,329-1663
45,45.wav,45,1,Cargo,Cargo\45\45.wav,WESTWOOD COLUMBIA,20171125,120743,363,1785-787
46,46.wav,46,1,Cargo,Cargo\46\46.wav,PRINCESS SUPERIOR,20171125,134833,586,1709-1995
47,47.wav,47,1,Cargo,Cargo\47\47.wav,SEASPAN SWIFT,20171125,214505,213,942-1965
48,48.wav,48,1,Cargo,Cargo\48\48.wav,MORNING MENAD,20171125,234924,500,1917-1783
49,49.wav,49,1,Cargo,Cargo\49\49.wav,SANTA REGULA,20171126,23314,250,1666-317
50,50.wav,50,1,Cargo,Cargo\50\50.wav,MAERSK SEMAKAU,20171126,35027,226,1692-1977
51,51.wav,51,1,Cargo,Cargo\51\51.wav,PAGANINO 218821000,20171126,44753,479,1658-1452
52,52.wav,52,1,Cargo,Cargo\52\52.wav,STAR LOFOTEN,20171126,63408,371,1474-881
53,53.wav,53,1,Cargo,Cargo\53\53.wav,MORNING MENAD,20171127,231436,354,1438-1273
54,54.wav,54,1,Cargo,Cargo\54\54.wav,PRINCESS SUPERIOR,20171128,80742,395,1978-1840
55,55.wav,55,1,Cargo,Cargo\55\55.wav,SEASPAN RELIANT,20171129,645,354,1825-1467
56,56.wav,56,1,Cargo,Cargo\56\56.wav,PRINCESS SUPERIOR,20171129,75459,543,1734-1909
57,57.wav,57,1,Cargo,Cargo\57\57.wav,AMSTEL OSPREY,20171130,165031,354,1773-1151
58,58.wav,58,1,Cargo,Cargo\58\58.wav,IVS NORTH,20171130,231720,440,1597-1563
59,59.wav,59,1,Cargo,Cargo\59\59.wav,PRINCESS SUPERIOR,20171201,80357,307,1978-1377
60,60.wav,60,1,Cargo,Cargo\60\60.wav,SEASPAN SWIFT,20171201,111402,293,1988-1428
61,61.wav,61,1,Cargo,Cargo\61\61.wav,SEASPAN RELIANT,20171202,54923,344,1255-1969
62,62.wav,62,1,Cargo,Cargo\62\62.wav,ULTRA EXCELLENCE,20171202,100609,198,346-1717
63,63.wav,63,1,Cargo,Cargo\63\63.wav,ANASTASIA ,20171202,123015,363,1750-902
64,64.wav,64,1,Cargo,Cargo\64\64.wav,PRINCESS SUPERIOR,20171202,141802,559,1341-1429
65,65.wav,65,1,Cargo,Cargo\65\65.wav,COSMIC ACE,20171203,191824,370,1463-763
66,66.wav,66,1,Cargo,Cargo\66\66.wav,HALIFAX EXPRESS,20171204,24305,212,468-1217
67,67.wav,67,1,Cargo,Cargo\67\67.wav,POYANG 477669100,20171204,51220,207,1611-1054
68,68.wav,68,1,Cargo,Cargo\68\68.wav,SEASPAN RELIANT,20171204,201125,356,1892-1938
69,69.wav,69,1,Cargo,Cargo\69\69.wav,GLOVIS CHORUS,20171205,10947,184,956-634
70,70.wav,70,1,Cargo,Cargo\70\70.wav,PRINCESS SUPERIOR,20171205,30344,373,1856-1966
71,71.wav,71,1,Cargo,Cargo\71\71.wav,TERN BULKER,20171205,111659,275,1532-594
72,72.wav,72,1,Cargo,Cargo\72\72.wav,CAPRICORNUS LEADER,20171205,114551,313,784-1995
73,73.wav,73,1,Cargo,Cargo\73\73.wav,CAPE SUNRISE,20171205,124454,439,1113-1994
74,74.wav,74,1,Cargo,Cargo\74\74.wav,PRINCESS SUPERIOR,20171205,140834,410,1477-1085
75,75.wav,75,1,Cargo,Cargo\75\75.wav,SEASPAN RELIANT,20171205,202122,221,1220-1964
76,76.wav,76,1,Cargo,Cargo\76\76.wav,CAPRICORNUS LEADER,20171206,4911,498,1106-1933
77,77.wav,77,1,Cargo,Cargo\77\77.wav,POYANG 477669100,20171206,14907,368,1403-1070
78,78.wav,78,1,Cargo,Cargo\78\78.wav,GALLEON ,20171206,132824,194,711-1054
79,79.wav,79,1,Cargo,Cargo\79\79.wav,CMA CGM,20171207,10450,240,1952-593
80,80.wav,80,1,Cargo,Cargo\80\80.wav,ANTONELLA LEMBO,20171207,13045,464,1793-888
81,81.wav,81,1,Cargo,Cargo\81\81.wav,PRINCESS SUPERIOR,20171207,32120,551,1793-1973
82,82.wav,82,1,Cargo,Cargo\82\82.wav,SEASPAN RELIANT,20171207,100039,229,1822-342
83,83.wav,83,1,Cargo,Cargo\83\83.wav,ADVENTURE 1,20171207,190947,250,174-1612
84,84.wav,84,1,Cargo,Cargo\84\84.wav,ANASTASIA ,20171208,5033,366,952-1742
85,85.wav,85,1,Cargo,Cargo\85\85.wav,KURENAI ,20171209,1029,540,1777-1356
86,86.wav,86,1,Cargo,Cargo\86\86.wav,SEASPAN RELIANT,20171209,54935,208,748-1781
87,87.wav,87,1,Cargo,Cargo\87\87.wav,PRINCESS SUPERIOR,20171209,140111,411,1158-1295
88,88.wav,88,1,Cargo,Cargo\88\88.wav,PAN UNITY,20171210,4442,538,1953-1866
89,89.wav,89,1,Cargo,Cargo\89\89.wav,CAP PASADO,20171210,20139,382,1632-838
90,90.wav,90,1,Cargo,Cargo\90\90.wav,SANTIAGO ,20171210,124043,370,932-1490
91,91.wav,91,1,Cargo,Cargo\91\91.wav,GRAND MERCURY,20171212,3918,255,1052-691
92,92.wav,92,1,Cargo,Cargo\92\92.wav,MAIZURU BISHAMON,20171212,40423,361,1863-912
93,93.wav,93,1,Cargo,Cargo\93\93.wav,PROMETHEUS LEADER,20171212,101404,206,635-1131
94,94.wav,94,1,Cargo,Cargo\94\94.wav,PRINCESS SUPERIOR,20171212,141302,426,906-1983
95,95.wav,95,1,Cargo,Cargo\95\95.wav,APL SAVANNAH,20171213,42800,260,1139-1348
96,96.wav,96,1,Cargo,Cargo\96\96.wav,ORIENT TRADER,20171213,93631,199,843-1177
97,97.wav,97,1,Cargo,Cargo\97\97.wav,STAR HARMONIA,20171213,154210,276,1630-676
98,98.wav,98,1,Cargo,Cargo\98\98.wav,AZALEA ACE,20171213,231302,568,1929-1999
99,99.wav,99,1,Cargo,Cargo\99\99.wav,MARGUERITE ACE,20171213,232927,186,623-698
100,100.wav,100,1,Cargo,Cargo\100\100.wav,BRAZEN ,20171213,234857,350,1695-475
101,101.wav,101,1,Cargo,Cargo\101\101.wav,PRINCESS SUPERIOR,20171214,75400,319,1934-1126
102,102.wav,102,1,Cargo,Cargo\102\102.wav,SPRING QUEEN,20171214,91542,442,1887-1253
103,103.wav,103,1,Cargo,Cargo\103\103.wav,AFRICAN KITE,20171214,155438,199,504-1468
104,104.wav,104,1,Cargo,Cargo\104\104.wav,SEASPAN SWIFT,20171214,213748,249,1123-1596
105,105.wav,105,1,Cargo,Cargo\105\105.wav,CARMEL ,20171214,215513,464,1779-1893
106,106.wav,106,1,Cargo,Cargo\106\106.wav,DALLAS EXPRESS,20171215,14609,336,204-1715
107,107.wav,107,1,Cargo,Cargo\107\107.wav,SEASPAN SWIFT,20171215,112126,235,1766-380
108,108.wav,108,1,Cargo,Cargo\108\108.wav,ISTRA ACE,20171215,114505,360,428-1499
109,109.wav,109,1,Cargo,Cargo\109\109.wav,PRINCESS SUPERIOR,20171215,141018,667,1834-1837
1,1.wav,1,2,Passenger,Passenger\1\1.wav,QUEEN OF,20160505,125658,37,1593-1730
2,2.wav,2,2,Passenger,Passenger\2\2.wav,CELEBRITY SOLSTICE,20160506,81240,334,1929-802
3,3.wav,3,2,Passenger,Passenger\3\3.wav,MAYNE QUEEN,20160506,233804,556,1988-1972
4,4.wav,4,2,Passenger,Passenger\4\4.wav,MALASPINA ,20160507,43512,204,1453-1881
5,5.wav,5,2,Passenger,Passenger\5\5.wav,RUBY PRINCESS,20160507,115325,14,1089-1187
6,6.wav,6,2,Passenger,Passenger\6\6.wav,COASTAL INSPIRATION,20160507,202625,30,1430-1665
7,7.wav,7,2,Passenger,Passenger\7\7.wav,CORAL PRINCESS,20160514,113853,350,1974-166
8,8.wav,8,2,Passenger,Passenger\8\8.wav,KENNICOTT ,20160515,62337,12,1999-1940
9,9.wav,9,2,Passenger,Passenger\9\9.wav,CARNIVAL LEGEND,20160516,112116,11,1112-1170
10,10.wav,10,2,Passenger,Passenger\10\10.wav,MALASPINA ,20160521,41411,364,1882-1979
11,11.wav,11,2,Passenger,Passenger\11\11.wav,CRYSTAL SERENITY,20160522,182048,481,1995-1212
12,12.wav,12,2,Passenger,Passenger\12\12.wav,MALASPINA ,20160528,40358,18,1782-1853
13,13.wav,13,2,Passenger,Passenger\13\13.wav,KENNICOTT ,20160529,83740,230,1878-711
14,14.wav,14,2,Passenger,Passenger\14\14.wav,QUEEN OF,20160601,35047,48,1597-1921
15,15.wav,15,2,Passenger,Passenger\15\15.wav,COLUMBIA ,20160603,42208,458,1999-1986
16,16.wav,16,2,Passenger,Passenger\16\16.wav,MALASPINA ,20160604,40249,11,1601-1590
17,17.wav,17,2,Passenger,Passenger\17\17.wav,COASTAL RENAISSANCE,20160606,153056,26,1619-1378
18,18.wav,18,2,Passenger,Passenger\18\18.wav,COASTAL INSPIRATION,20180821,153439,221,1795-1969
19,19.wav,19,2,Passenger,Passenger\19\19.wav,SPIRIT OF,20180905,211808,160,1789-1338
20,20.wav,20,2,Passenger,Passenger\20\20.wav,TACHEK ,20160616,165320,390,1798-1982
21,21.wav,21,2,Passenger,Passenger\21\21.wav,TACHEK ,20160616,200904,797,1999-1726
22,22.wav,22,2,Passenger,Passenger\22\22.wav,COLUMBIA ,20160625,41906,385,1971-1984
23,23.wav,23,2,Passenger,Passenger\23\23.wav,BOWEN QUEEN,20160629,135115,130,333-363
24,24.wav,24,2,Passenger,Passenger\24\24.wav,BOWEN QUEEN,20160629,135359,1079,370-1499
25,25.wav,25,2,Passenger,Passenger\25\25.wav,QUEEN OF,20180912,34620,118,1642-822
26,26.wav,26,2,Passenger,Passenger\26\26.wav,COLUMBIA ,20160716,35748,319,1994-1985
27,27.wav,27,2,Passenger,Passenger\27\27.wav,KENNICOTT ,20160724,35758,33,1242-1395
28,28.wav,28,2,Passenger,Passenger\28\28.wav,COLUMBIA ,20160724,110548,253,1991-1989
29,29.wav,29,2,Passenger,Passenger\29\29.wav,CRYSTAL SERENITY,20160727,111808,36,696-931
30,30.wav,30,2,Passenger,Passenger\30\30.wav,COLUMBIA ,20160806,35410,252,1800-1960
31,31.wav,31,2,Passenger,Passenger\31\31.wav,KENNICOTT ,20160807,43508,16,1571-1619
32,32.wav,32,2,Passenger,Passenger\32\32.wav,COLUMBIA ,20160813,40611,54,1999-1998
33,33.wav,33,2,Passenger,Passenger\33\33.wav,COASTAL INSPIRATION,20160820,202935,112,1028-1130
34,34.wav,34,2,Passenger,Passenger\34\34.wav,QUEEN OF,20160821,174334,346,1916-1830
35,35.wav,35,2,Passenger,Passenger\35\35.wav,COLUMBIA ,20160827,43503,23,1979-1899
36,36.wav,36,2,Passenger,Passenger\36\36.wav,COLUMBIA ,20160827,43550,9,1829-1802
37,37.wav,37,2,Passenger,Passenger\37\37.wav,COLUMBIA ,20160827,43733,133,1667-1880
38,38.wav,38,2,Passenger,Passenger\38\38.wav,QUEEN OF,20160831,34757,238,1723-1849
39,39.wav,39,2,Passenger,Passenger\39\39.wav,KENNICOTT ,20160904,35818,278,1694-1928
40,40.wav,40,2,Passenger,Passenger\40\40.wav,QUEEN OF,20160908,174717,429,1936-1695
41,41.wav,41,2,Passenger,Passenger\41\41.wav,CELEBRITY SOLSTICE,20160909,114625,23,1474-1651
42,42.wav,42,2,Passenger,Passenger\42\42.wav,COLUMBIA ,20160910,35117,322,1966-1965
43,43.wav,43,2,Passenger,Passenger\43\43.wav,QUEEN OF,20160916,124641,282,1977-1937
44,44.wav,44,2,Passenger,Passenger\44\44.wav,COLUMBIA ,20160917,184735,230,1996-1861
45,45.wav,45,2,Passenger,Passenger\45\45.wav,QUEEN OF,20161003,175305,320,1842-1630
46,46.wav,46,2,Passenger,Passenger\46\46.wav,QUEEN OF,20161019,174803,337,1467-1941
47,47.wav,47,2,Passenger,Passenger\47\47.wav,QUEEN OF,20161028,224803,320,1753-1951
48,48.wav,48,2,Passenger,Passenger\48\48.wav,QUEEN OF,20161102,124450,351,1947-1461
49,49.wav,49,2,Passenger,Passenger\49\49.wav,QUEEN OF,20161208,163602,581,1486-1993
50,50.wav,50,2,Passenger,Passenger\50\50.wav,COASTAL INSPIRATION,20161214,162017,163,1419-1465
51,51.wav,51,2,Passenger,Passenger\51\51.wav,SALISH ORCA,20170111,193906,12,233-327
52,52.wav,52,2,Passenger,Passenger\52\52.wav,SALISH ORCA,20170111,194020,108,819-1650
53,53.wav,53,2,Passenger,Passenger\53\53.wav,MALASPINA ,20170114,53615,53,1847-1990
54,54.wav,54,2,Passenger,Passenger\54\54.wav,SALISH ORCA,20170202,183738,1300,809-1375
55,55.wav,55,2,Passenger,Passenger\55\55.wav,SPIRIT OF,20170215,152700,476,1134-1383
56,56.wav,56,2,Passenger,Passenger\56\56.wav,MALASPINA ,20170218,50212,218,1843-945
57,57.wav,57,2,Passenger,Passenger\57\57.wav,POWELL RIVER,20170219,153805,49,1855-1705
58,58.wav,58,2,Passenger,Passenger\58\58.wav,POWELL RIVER,20170219,154035,383,1424-1996
59,59.wav,59,2,Passenger,Passenger\59\59.wav,SPIRIT OF,20170312,153853,104,1817-841
60,60.wav,60,2,Passenger,Passenger\60\60.wav,COASTAL INSPIRATION,20170322,61551,24,1959-1740
61,61.wav,61,2,Passenger,Passenger\61\61.wav,QUEEN OF,20170330,175151,143,1430-1907
62,62.wav,62,2,Passenger,Passenger\62\62.wav,NORTHERN ADVENTURE,20170331,44959,176,1571-1153
63,63.wav,63,2,Passenger,Passenger\63\63.wav,SPIRIT OF,20170401,636,74,564-190
64,64.wav,64,2,Passenger,Passenger\64\64.wav,SPIRIT OF,20170401,800,120,182-778
65,65.wav,65,2,Passenger,Passenger\65\65.wav,MALASPINA ,20170408,40520,298,1999-1738
66,66.wav,66,2,Passenger,Passenger\66\66.wav,QUEEN OF,20170408,224944,50,1233-1587
67,67.wav,67,2,Passenger,Passenger\67\67.wav,SAFARI QUEST,20170417,25741,265,1899-1826
68,68.wav,68,2,Passenger,Passenger\68\68.wav,OOSTERDAM ,20170429,102113,109,1590-1891
69,69.wav,69,2,Passenger,Passenger\69\69.wav,COASTAL RENAISSANCE,20170430,11712,67,1939-1619
70,70.wav,70,2,Passenger,Passenger\70\70.wav,SALISH EAGLE,20170503,201813,12,1924-1943
71,71.wav,71,2,Passenger,Passenger\71\71.wav,CORAL PRINCESS,20170506,114552,350,689-1524
72,72.wav,72,2,Passenger,Passenger\72\72.wav,SAFARI QUEST,20170508,35234,236,1917-1476
73,73.wav,73,2,Passenger,Passenger\73\73.wav,COASTAL RENAISSANCE,20170508,152055,12,1874-1961
74,74.wav,74,2,Passenger,Passenger\74\74.wav,SALISH EAGLE,20170509,174012,364,1840-1916
75,75.wav,75,2,Passenger,Passenger\75\75.wav,ISLAND PRINCESS,20170510,113409,351,1340-1224
76,76.wav,76,2,Passenger,Passenger\76\76.wav,V2V EMPRESS,20170511,195844,569,1993-1972
77,77.wav,77,2,Passenger,Passenger\77\77.wav,EUROPA ,20170512,113827,195,744-1769
78,78.wav,78,2,Passenger,Passenger\78\78.wav,COASTAL INSPIRATION,20180915,62231,24,1766-1945
79,79.wav,79,2,Passenger,Passenger\79\79.wav,COASTAL RENAISSANCE,20170513,201854,24,490-302
80,80.wav,80,2,Passenger,Passenger\80\80.wav,KENNICOTT ,20170514,60420,40,878-1199
81,81.wav,81,2,Passenger,Passenger\81\81.wav,QUEEN OF,20180917,35007,8,1470-1527
82,82.wav,82,2,Passenger,Passenger\82\82.wav,SALISH EAGLE,20170517,162940,29,1395-1377
83,83.wav,83,2,Passenger,Passenger\83\83.wav,QUEEN OF,20170517,225337,123,1373-1708
84,84.wav,84,2,Passenger,Passenger\84\84.wav,QUEEN OF,20170520,174851,118,1462-1890
85,85.wav,85,2,Passenger,Passenger\85\85.wav,DISNEY WONDER,20170522,110529,372,1293-1527
86,86.wav,86,2,Passenger,Passenger\86\86.wav,COASTAL RENAISSANCE,20170527,13032,53,1624-1247
87,87.wav,87,2,Passenger,Passenger\87\87.wav,SALISH EAGLE,20170530,165315,369,1799-1989
88,88.wav,88,2,Passenger,Passenger\88\88.wav,SEABOURN SOJOURN,20170601,112643,284,290-1841
89,89.wav,89,2,Passenger,Passenger\89\89.wav,COASTAL RENAISSANCE,20170603,12058,50,1238-1625
90,90.wav,90,2,Passenger,Passenger\90\90.wav,QUEEN OF,20170605,175102,220,1819-1865
91,91.wav,91,2,Passenger,Passenger\91\91.wav,SALISH EAGLE,20170605,191933,26,1762-1747
92,92.wav,92,2,Passenger,Passenger\92\92.wav,SALISH EAGLE,20170613,162550,267,1987-643
93,93.wav,93,2,Passenger,Passenger\93\93.wav,QUEEN OF,20170615,124844,122,1838-1288
94,94.wav,94,2,Passenger,Passenger\94\94.wav,NORTH ISLAND,20170616,174832,463,1871-1614
95,95.wav,95,2,Passenger,Passenger\95\95.wav,NORTH ISLAND,20170616,231343,150,1763-1971
96,96.wav,96,2,Passenger,Passenger\96\96.wav,NORTHERN EXPEDITION,20170617,73155,1887,1189-1230
97,97.wav,97,2,Passenger,Passenger\97\97.wav,V2V EMPRESS,20170625,157,37,1989-1661
98,98.wav,98,2,Passenger,Passenger\98\98.wav,COASTAL RENAISSANCE,20170627,152638,178,1305-1952
99,99.wav,99,2,Passenger,Passenger\99\99.wav,COASTAL RENAISSANCE,20170629,12112,274,1382-1832
100,100.wav,100,2,Passenger,Passenger\100\100.wav,COASTAL INSPIRATION,20170701,13614,56,1008-1263
101,101.wav,101,2,Passenger,Passenger\101\101.wav,SEVEN SEAS,20170709,95127,720,561-1590
102,102.wav,102,2,Passenger,Passenger\102\102.wav,MALASPINA ,20170715,41047,280,1542-1990
103,103.wav,103,2,Passenger,Passenger\103\103.wav,THE WORLD,20170716,111744,719,1389-1916
104,104.wav,104,2,Passenger,Passenger\104\104.wav,CRYSTAL SERENITY,20170720,110917,17,1003-897
105,105.wav,105,2,Passenger,Passenger\105\105.wav,KENNICOTT ,20170723,100302,19,1380-1357
106,106.wav,106,2,Passenger,Passenger\106\106.wav,SALISH RAVEN,20170725,143547,40,1981-1996
107,107.wav,107,2,Passenger,Passenger\107\107.wav,QUEEN OF,20170729,151035,577,1640-1608
108,108.wav,108,2,Passenger,Passenger\108\108.wav,V2V EMPRESS,20170802,230730,249,1981-1835
109,109.wav,109,2,Passenger,Passenger\109\109.wav,V2V EMPRESS,20170803,231129,118,1323-648
110,110.wav,110,2,Passenger,Passenger\110\110.wav,CRYSTAL SERENITY,20170808,113313,70,1068-723
111,111.wav,111,2,Passenger,Passenger\111\111.wav,MALASPINA ,20170826,43132,74,1785-1516
112,112.wav,112,2,Passenger,Passenger\112\112.wav,COLUMBIA ,20170827,33909,370,1896-1989
113,113.wav,113,2,Passenger,Passenger\113\113.wav,QUEEN OF,20170905,224957,140,1149-1384
114,114.wav,114,2,Passenger,Passenger\114\114.wav,SPIRIT OF,20170906,104632,44,1994-1750
115,115.wav,115,2,Passenger,Passenger\115\115.wav,SPIRIT OF,20170906,104822,328,1426-1545
116,116.wav,116,2,Passenger,Passenger\116\116.wav,SPIRIT OF,20170912,184302,300,721-1741
117,117.wav,117,2,Passenger,Passenger\117\117.wav,SPIRIT OF,20170912,184852,51,1835-1976
118,118.wav,118,2,Passenger,Passenger\118\118.wav,COASTAL INSPIRATION,20170912,201835,172,1333-1765
119,119.wav,119,2,Passenger,Passenger\119\119.wav,NORTHERN ADVENTURE,20170915,210154,24,1518-1660
120,120.wav,120,2,Passenger,Passenger\120\120.wav,OOSTERDAM ,20170925,101039,156,1372-1754
121,121.wav,121,2,Passenger,Passenger\121\121.wav,EURODAM 245206000,20171001,105017,31,1832-1779
122,122.wav,122,2,Passenger,Passenger\122\122.wav,KENNICOTT ,20171007,15956,28,1789-1902
123,123.wav,123,2,Passenger,Passenger\123\123.wav,SALISH EAGLE,20171012,165340,415,1442-1982
124,124.wav,124,2,Passenger,Passenger\124\124.wav,EURODAM 245206000,20171017,95628,360,1886-1176
125,125.wav,125,2,Passenger,Passenger\125\125.wav,QUEEN OF,20171020,201024,544,1858-951
126,126.wav,126,2,Passenger,Passenger\126\126.wav,QUEEN OF,20171105,235036,8,980-1005
127,127.wav,127,2,Passenger,Passenger\127\127.wav,SAFARI QUEST,20171106,44551,173,1851-1966
128,128.wav,128,2,Passenger,Passenger\128\128.wav,QUEEN OF,20171106,184906,19,1288-1233
129,129.wav,129,2,Passenger,Passenger\129\129.wav,LOMAIVITI PRINCESS,20171110,224141,473,1846-1832
130,130.wav,130,2,Passenger,Passenger\130\130.wav,QUEEN OF,20171116,161921,230,1622-1983
131,131.wav,131,2,Passenger,Passenger\131\131.wav,QUEEN OF,20171120,163321,158,1289-1918
132,132.wav,132,2,Passenger,Passenger\132\132.wav,COASTAL INSPIRATION,20171122,71915,14,1315-1443
133,133.wav,133,2,Passenger,Passenger\133\133.wav,SALISH RAVEN,20171207,162949,202,1333-612
134,134.wav,134,2,Passenger,Passenger\134\134.wav,COASTAL RENAISSANCE,20171208,23937,22,1370-1526
135,135.wav,135,2,Passenger,Passenger\135\135.wav,COASTAL RENAISSANCE,20171210,21603,309,585-900
136,136.wav,136,2,Passenger,Passenger\136\136.wav,BOWEN QUEEN,20171229,201301,354,1975-1989
139,139.wav,139,2,Passenger,Passenger\139\139.wav,V2V EMPRESS,20180120,191134,217,1963-390
140,140.wav,140,2,Passenger,Passenger\140\140.wav,COASTAL RENAISSANCE,20180125,71504,284,1758-1565
141,141.wav,141,2,Passenger,Passenger\141\141.wav,QUEEN OF,20180202,134746,274,1966-1767
142,142.wav,142,2,Passenger,Passenger\142\142.wav,COASTAL INSPIRATION,20180205,230715,26,1975-1901
143,143.wav,143,2,Passenger,Passenger\143\143.wav,QUEEN OF,20180213,234934,120,1812-1360
144,144.wav,144,2,Passenger,Passenger\144\144.wav,QUEEN OF,20180215,185044,31,1562-1758
145,145.wav,145,2,Passenger,Passenger\145\145.wav,QUEEN OF,20180219,34422,196,1847-1231
146,146.wav,146,2,Passenger,Passenger\146\146.wav,SALISH RAVEN,20180307,75607,235,1896-1783
147,147.wav,147,2,Passenger,Passenger\147\147.wav,V2V EMPRESS,20180313,181647,141,1569-561
148,148.wav,148,2,Passenger,Passenger\148\148.wav,MAYNE QUEEN,20180320,103759,64,1330-1174
149,149.wav,149,2,Passenger,Passenger\149\149.wav,V2V EMPRESS,20180326,180641,392,1623-1989
150,150.wav,150,2,Passenger,Passenger\150\150.wav,V2V EMPRESS,20180329,181312,72,1661-720
151,151.wav,151,2,Passenger,Passenger\151\151.wav,NORTHERN ADVENTURE,20180330,32743,1020,1716-1852
152,152.wav,152,2,Passenger,Passenger\152\152.wav,COASTAL CELEBRATION,20180406,135944,119,1943-971
153,153.wav,153,2,Passenger,Passenger\153\153.wav,SALISH RAVEN,20180406,151655,330,430-1944
154,154.wav,154,2,Passenger,Passenger\154\154.wav,WESTERDAM ,20180412,110230,85,1308-1877
155,155.wav,155,2,Passenger,Passenger\155\155.wav,QUEEN OF,20180420,33310,367,1431-1620
156,156.wav,156,2,Passenger,Passenger\156\156.wav,SALISH RAVEN,20180426,114757,39,1803-1966
157,157.wav,157,2,Passenger,Passenger\157\157.wav,CARNIVAL LEGEND,20180501,112008,360,703-1972
158,158.wav,158,2,Passenger,Passenger\158\158.wav,MAYNE QUEEN,20180502,30648,20,1952-1851
159,159.wav,159,2,Passenger,Passenger\159\159.wav,SALISH RAVEN,20180503,153434,364,894-1955
160,160.wav,160,2,Passenger,Passenger\160\160.wav,QUEEN OF,20180505,63136,152,1632-1663
161,161.wav,161,2,Passenger,Passenger\161\161.wav,NIEUW AMSTERDAM,20180505,101511,339,1701-1453
162,162.wav,162,2,Passenger,Passenger\162\162.wav,SPIRIT OF,20180506,54035,93,1355-1961
163,163.wav,163,2,Passenger,Passenger\163\163.wav,ZAANDAM 246442000,20180506,105313,490,1638-1827
164,164.wav,164,2,Passenger,Passenger\164\164.wav,NOORDAM ,20180506,113050,366,1278-1829
165,165.wav,165,2,Passenger,Passenger\165\165.wav,CELEBRITY SOLSTICE,20180511,101015,8,1544-1520
166,166.wav,166,2,Passenger,Passenger\166\166.wav,RADIANCE OF,20180513,84039,369,1526-1823
167,167.wav,167,2,Passenger,Passenger\167\167.wav,V2V EMPRESS,20180514,181453,6,1899-1964
168,168.wav,168,2,Passenger,Passenger\168\168.wav,QUEEN OF,20180518,31804,108,1015-1262
169,169.wav,169,2,Passenger,Passenger\169\169.wav,COASTAL INSPIRATION,20180519,12744,46,1593-1666
170,170.wav,170,2,Passenger,Passenger\170\170.wav,SAFARI QUEST,20180520,120550,340,1998-1963
171,171.wav,171,2,Passenger,Passenger\171\171.wav,SAFARI EXPLORER,20180522,64727,780,1976-1952
172,172.wav,172,2,Passenger,Passenger\172\172.wav,QUEEN OF,20180524,225612,236,1971-1436
173,173.wav,173,2,Passenger,Passenger\173\173.wav,COASTAL RENAISSANCE,20180617,201949,176,1995-1910
174,174.wav,174,2,Passenger,Passenger\174\174.wav,COASTAL RENAISSANCE,20180619,62048,25,1620-1758
175,175.wav,175,2,Passenger,Passenger\175\175.wav,SEVEN SEAS,20180630,94326,349,1007-1228
176,176.wav,176,2,Passenger,Passenger\176\176.wav,QUADRA QUEEN,20180630,200100,427,1832-1045
177,177.wav,177,2,Passenger,Passenger\177\177.wav,ICEBERG ,20180703,221012,208,1344-1705
178,178.wav,178,2,Passenger,Passenger\178\178.wav,SEVEN SEAS,20180711,94820,349,366-984
179,179.wav,179,2,Passenger,Passenger\179\179.wav,V2V EMPRESS,20180722,181231,626,1899-829
180,180.wav,180,2,Passenger,Passenger\180\180.wav,V2V EMPRESS,20180827,182309,106,1150-1944
181,181.wav,181,2,Passenger,Passenger\181\181.wav,QUEEN OF,20180828,125034,73,481-314
182,182.wav,182,2,Passenger,Passenger\182\182.wav,COASTAL INSPIRATION,20180905,61547,235,1736-1993
183,183.wav,183,2,Passenger,Passenger\183\183.wav,SPIRIT OF,20180905,212331,394,1154-1991
184,184.wav,184,2,Passenger,Passenger\184\184.wav,V2V EMPRESS,20180913,181821,60,810-1226
185,185.wav,185,2,Passenger,Passenger\185\185.wav,SPIRIT OF,20180914,182348,411,1964-1950
186,186.wav,186,2,Passenger,Passenger\186\186.wav,CELEBRITY SOLSTICE,20180921,111213,362,944-837
187,187.wav,187,2,Passenger,Passenger\187\187.wav,NATGEO SEABIRD,20180922,124737,40,1470-1575
188,188.wav,188,2,Passenger,Passenger\188\188.wav,V2V EMPRESS,20180923,12316,44,585-111
189,189.wav,189,2,Passenger,Passenger\189\189.wav,COASTAL INSPIRATION,20180925,12450,11,1744-1830
190,190.wav,190,2,Passenger,Passenger\190\190.wav,V2V EMPRESS,20180926,11928,32,1574-1942
191,191.wav,191,2,Passenger,Passenger\191\191.wav,COASTAL INSPIRATION,20180926,12514,6,1954-1998
192,192.wav,192,2,Passenger,Passenger\192\192.wav,COASTAL INSPIRATION,20180929,12612,8,1922-1981
193,193.wav,193,2,Passenger,Passenger\193\193.wav,V2V EMPRESS,20181003,12519,156,270-1578
1,1.wav,1,3,Tanker,Tanker\1\1.wav,KIRKEHOLMEN ,20160509,123109,278,1488-466
2,2.wav,2,3,Tanker,Tanker\2\2.wav,CHERRY GALAXY,20160511,30034,150,950-1560
3,3.wav,3,3,Tanker,Tanker\3\3.wav,CHAMPION EBONY,20160515,20119,383,1174-1364
4,4.wav,4,3,Tanker,Tanker\4\4.wav,ESER K,20160516,134837,277,157-1822
5,5.wav,5,3,Tanker,Tanker\5\5.wav,LYNDA VICTORY,20160519,123958,47,1252-1112
6,6.wav,6,3,Tanker,Tanker\6\6.wav,CHAMPION EBONY,20160526,193813,172,418-1052
7,7.wav,7,3,Tanker,Tanker\7\7.wav,CHEMBULK NEW,20160531,142749,503,1994-1989
8,8.wav,8,3,Tanker,Tanker\8\8.wav,KIRKEHOLMEN ,20160601,142520,44,769-741
9,9.wav,9,3,Tanker,Tanker\9\9.wav, SONGA RUBY,20160602,203639,18,1850-1981
10,10.wav,10,3,Tanker,Tanker\10\10.wav,NAVE ORBIT,20160602,225434,30,1956-1750
11,11.wav,11,3,Tanker,Tanker\11\11.wav,CHAMPION CORNELIA,20160604,171238,371,1290-902
12,12.wav,12,3,Tanker,Tanker\12\12.wav,KIRKEHOLMEN ,20160612,211030,33,1605-1421
13,13.wav,13,3,Tanker,Tanker\13\13.wav,HIGH ENDURANCE,20160613,61037,157,988-95
14,14.wav,14,3,Tanker,Tanker\14\14.wav,ARGENT SUNRISE,20160615,63659,25,1073-974
15,15.wav,15,3,Tanker,Tanker\15\15.wav,ARGENT DAISY,20160616,214515,401,1859-1420
16,16.wav,16,3,Tanker,Tanker\16\16.wav,LOUIS P,20160617,225229,506,1993-1429
17,17.wav,17,3,Tanker,Tanker\17\17.wav,NORD STEADY,20160619,173821,360,709-1851
18,18.wav,18,3,Tanker,Tanker\18\18.wav,OVERSEAS ATHENS,20160619,215854,66,1180-802
19,19.wav,19,3,Tanker,Tanker\19\19.wav,CARIBBEAN SPIRIT,20160625,141954,14,1153-1253
20,20.wav,20,3,Tanker,Tanker\20\20.wav,CHEMICAL AQUARIUS,20160702,225342,104,1212-1990
21,21.wav,21,3,Tanker,Tanker\21\21.wav,ARGENT DAISY,20160703,163943,16,1921-1818
22,22.wav,22,3,Tanker,Tanker\22\22.wav,OVERSEAS ATHENS,20160704,111311,405,1984-461
23,23.wav,23,3,Tanker,Tanker\23\23.wav,HIGH ENDURANCE,20160710,104049,370,1332-1015
24,24.wav,24,3,Tanker,Tanker\24\24.wav,NINA VICTORY,20160710,214304,21,442-543
25,25.wav,25,3,Tanker,Tanker\25\25.wav,OVERSEAS VISAYAS,20160713,125709,435,1518-1500
26,26.wav,26,3,Tanker,Tanker\26\26.wav,GINGA COUGAR,20160714,111759,513,1921-1360
27,27.wav,27,3,Tanker,Tanker\27\27.wav,NORD STEADY,20160714,141202,348,1443-951
28,28.wav,28,3,Tanker,Tanker\28\28.wav,HIGH ENDURANCE,20160724,25459,354,789-1973
29,29.wav,29,3,Tanker,Tanker\29\29.wav,NORD STEADY,20160808,203415,390,1662-1105
30,30.wav,30,3,Tanker,Tanker\30\30.wav,ARGENT SUNRISE,20160810,173536,109,207-941
31,31.wav,31,3,Tanker,Tanker\31\31.wav,KIRKEHOLMEN ,20160810,215541,33,822-626
32,32.wav,32,3,Tanker,Tanker\32\32.wav,EMMA VICTORY,20160823,41452,306,1057-1170
33,33.wav,33,3,Tanker,Tanker\33\33.wav,CHAMPION CORNELIA,20160829,15402,38,1990-1781
34,34.wav,34,3,Tanker,Tanker\34\34.wav,KIRKEHOLMEN ,20160831,210639,16,1502-1441
35,35.wav,35,3,Tanker,Tanker\35\35.wav,NORD STEADY,20160904,5747,258,503-1513
36,36.wav,36,3,Tanker,Tanker\36\36.wav,KIRKEHOLMEN ,20160906,83920,16,92-24
37,37.wav,37,3,Tanker,Tanker\37\37.wav,YANKUL SILVER,20160907,94356,465,1402-1613
38,38.wav,38,3,Tanker,Tanker\38\38.wav,FUJI GALAXY,20160910,190037,238,1731-387
39,39.wav,39,3,Tanker,Tanker\39\39.wav,ARGENT DAISY,20160924,23333,173,1986-1325
40,40.wav,40,3,Tanker,Tanker\40\40.wav,ARDMORE CHEYENNE,20160927,81031,129,1710-994
41,41.wav,41,3,Tanker,Tanker\41\41.wav,CHEMBULK NEW,20161002,130331,240,758-1532
42,42.wav,42,3,Tanker,Tanker\42\42.wav,KIRKEHOLMEN ,20161005,75627,44,1115-1293
43,43.wav,43,3,Tanker,Tanker\43\43.wav,AMAGI GALAXY,20161009,151318,70,539-127
44,44.wav,44,3,Tanker,Tanker\44\44.wav,CHEMBULK MINNEAPOLIS,20161021,204409,28,1680-1879
45,45.wav,45,3,Tanker,Tanker\45\45.wav,NORD STEADY,20161022,30503,208,621-1972
46,46.wav,46,3,Tanker,Tanker\46\46.wav,CHERRY GALAXY,20161024,61514,246,380-1822
47,47.wav,47,3,Tanker,Tanker\47\47.wav,SILVER MUNA,20161027,145435,346,1478-1205
48,48.wav,48,3,Tanker,Tanker\48\48.wav,KIRKEHOLMEN ,20161030,43924,21,869-963
49,49.wav,49,3,Tanker,Tanker\49\49.wav,OCEAN RELIANCE,20161101,53459,37,993-806
50,50.wav,50,3,Tanker,Tanker\50\50.wav,WORLD HARMONY,20161101,230021,38,1254-1304
51,51.wav,51,3,Tanker,Tanker\51\51.wav,CHERRY GALAXY,20161106,200001,10,1707-1638
52,52.wav,52,3,Tanker,Tanker\52\52.wav,NAVIG8 AQUAMARINE,20161107,170102,160,1974-937
53,53.wav,53,3,Tanker,Tanker\53\53.wav,ARGENT SUNRISE,20161110,5212,42,811-1068
54,54.wav,54,3,Tanker,Tanker\54\54.wav,NAVIG8 AQUAMARINE,20161113,174452,289,1923-392
55,55.wav,55,3,Tanker,Tanker\55\55.wav,KIRKEHOLMEN ,20161113,212239,34,651-837
56,56.wav,56,3,Tanker,Tanker\56\56.wav,ARGENT DAISY,20161121,94048,62,1582-1209
57,57.wav,57,3,Tanker,Tanker\57\57.wav,BUNGA LOTUS,20161123,171423,68,1955-1505
58,58.wav,58,3,Tanker,Tanker\58\58.wav,LOUIS P,20161124,95256,85,738-1367
59,59.wav,59,3,Tanker,Tanker\59\59.wav,ARGENT SUNRISE,20161125,202025,10,1333-1406
60,60.wav,60,3,Tanker,Tanker\60\60.wav,CHAMPION ISTRA,20161128,5608,442,1988-1226
61,61.wav,61,3,Tanker,Tanker\61\61.wav,CHEMBULK NEW,20161206,221722,60,1818-1454
62,62.wav,62,3,Tanker,Tanker\62\62.wav,MTM LONDON,20161207,90131,27,482-606
63,63.wav,63,3,Tanker,Tanker\63\63.wav,FUJI GALAXY,20161208,135535,27,1954-1705
64,64.wav,64,3,Tanker,Tanker\64\64.wav,KIRKEHOLMEN ,20161208,200744,29,1957-1793
65,65.wav,65,3,Tanker,Tanker\65\65.wav,NORD STEADY,20161211,204245,363,868-1698
66,66.wav,66,3,Tanker,Tanker\66\66.wav,GINGA TIGER,20161215,25503,14,606-509
67,67.wav,67,3,Tanker,Tanker\67\67.wav,STI QUEENS,20161218,134000,493,1920-1630
68,68.wav,68,3,Tanker,Tanker\68\68.wav,THELMA ,20161226,123224,7,650-668
69,69.wav,69,3,Tanker,Tanker\69\69.wav,TORM CAMILLA,20161227,34311,24,391-283
70,70.wav,70,3,Tanker,Tanker\70\70.wav,GULF STREAM,20170102,1752,121,581-794
71,71.wav,71,3,Tanker,Tanker\71\71.wav,AMAGI GALAXY,20170119,153739,40,440-351
72,72.wav,72,3,Tanker,Tanker\72\72.wav,BOCHEM LONDON,20170120,70941,352,1458-1181
73,73.wav,73,3,Tanker,Tanker\73\73.wav,AMAGI GALAXY,20170121,234906,6,1936-1980
74,74.wav,74,3,Tanker,Tanker\74\74.wav,CHEMBULK HONGKONG,20170122,31957,7,550-538
75,75.wav,75,3,Tanker,Tanker\75\75.wav,BOCHEM SINGAPURA,20170122,50415,215,725-796
76,76.wav,76,3,Tanker,Tanker\76\76.wav,TORM ASLAUG,20170124,85359,560,1898-1777
77,77.wav,77,3,Tanker,Tanker\77\77.wav,ESER K,20170203,2153,44,1200-1510
78,78.wav,78,3,Tanker,Tanker\78\78.wav,SILVER SAWSAN,20170204,232817,569,1976-1845
79,79.wav,79,3,Tanker,Tanker\79\79.wav,HIGH MERCURY,20170205,163939,40,1989-1705
80,80.wav,80,3,Tanker,Tanker\80\80.wav,GINGA PANTHER,20170206,81843,31,1383-1601
81,81.wav,81,3,Tanker,Tanker\81\81.wav,CHERRY GALAXY,20170206,131726,131,1973-1160
82,82.wav,82,3,Tanker,Tanker\82\82.wav,FUJI GALAXY,20170209,40238,43,1284-1532
83,83.wav,83,3,Tanker,Tanker\83\83.wav,HIGH MERCURY,20170216,35911,530,1779-1849
84,84.wav,84,3,Tanker,Tanker\84\84.wav,NORD STEADY,20170219,104435,296,1465-703
85,85.wav,85,3,Tanker,Tanker\85\85.wav,GINGA LION,20170227,235904,33,526-590
86,86.wav,86,3,Tanker,Tanker\86\86.wav,CHAMPION TERN,20170301,230755,236,1556-1247
87,87.wav,87,3,Tanker,Tanker\87\87.wav,NORD STEADY,20170309,95437,15,1780-1682
88,88.wav,88,3,Tanker,Tanker\88\88.wav,NAVIG8 AMBER,20170317,72019,282,1191-1057
89,89.wav,89,3,Tanker,Tanker\89\89.wav,CHERRY GALAXY,20170326,22836,62,1345-1014
90,90.wav,90,3,Tanker,Tanker\90\90.wav,CITRUS EXPRESS,20170326,203852,22,1024-1054
91,91.wav,91,3,Tanker,Tanker\91\91.wav,ALFRED N,20170326,231111,244,1709-1201
92,92.wav,92,3,Tanker,Tanker\92\92.wav,NORD STEADY,20170327,112002,11,1901-1960
93,93.wav,93,3,Tanker,Tanker\93\93.wav,GINGA LEOPARD,20170327,224310,33,1204-1465
94,94.wav,94,3,Tanker,Tanker\94\94.wav,KERALA ,20170403,44833,30,410-526
95,95.wav,95,3,Tanker,Tanker\95\95.wav,ALFRED N,20170403,102955,175,1656-996
96,96.wav,96,3,Tanker,Tanker\96\96.wav,CHAMPION TRADER,20170404,61416,19,1953-1848
97,97.wav,97,3,Tanker,Tanker\97\97.wav,CHEMBULK LINDY,20170409,31833,532,1758-1992
98,98.wav,98,3,Tanker,Tanker\98\98.wav,NESTOS 636012507,20170412,114857,16,973-935
99,99.wav,99,3,Tanker,Tanker\99\99.wav,KIRKEHOLMEN ,20170413,112445,47,1127-1411
100,100.wav,100,3,Tanker,Tanker\100\100.wav,AMAGI GALAXY,20170419,21347,334,465-1996
101,101.wav,101,3,Tanker,Tanker\101\101.wav,KAIMON GALAXY,20170420,170815,81,1787-1241
102,102.wav,102,3,Tanker,Tanker\102\102.wav,HAFNIA MALACCA,20170421,10738,370,1608-1083
103,103.wav,103,3,Tanker,Tanker\103\103.wav,FUJI GALAXY,20170421,64626,195,352-1754
104,104.wav,104,3,Tanker,Tanker\104\104.wav,NORD STEADY,20170425,231243,509,1984-1574
105,105.wav,105,3,Tanker,Tanker\105\105.wav,KIRKEHOLMEN ,20170507,213103,130,1182-1033
106,106.wav,106,3,Tanker,Tanker\106\106.wav,RIO DAUPHIN,20170509,105420,518,1978-1233
107,107.wav,107,3,Tanker,Tanker\107\107.wav,SILVER ETREMA,20170510,41848,328,849-1566
108,108.wav,108,3,Tanker,Tanker\108\108.wav,NORD STEADY,20170511,50253,220,851-1956
109,109.wav,109,3,Tanker,Tanker\109\109.wav,HELLAS AVATAR,20170512,81819,140,799-535
110,110.wav,110,3,Tanker,Tanker\110\110.wav,ELM GALAXY,20170516,201729,24,230-359
111,111.wav,111,3,Tanker,Tanker\111\111.wav,GINGA LYNX,20170525,111532,17,816-706
112,112.wav,112,3,Tanker,Tanker\112\112.wav,CHAMPION ISTRA,20170529,124845,442,1558-1657
113,113.wav,113,3,Tanker,Tanker\113\113.wav,SILVER ETREMA,20170530,4426,41,716-484
114,114.wav,114,3,Tanker,Tanker\114\114.wav,NEW CONQUEST,20170605,143212,421,1875-1008
115,115.wav,115,3,Tanker,Tanker\115\115.wav,NORD STEADY,20170608,234244,42,1359-1081
116,116.wav,116,3,Tanker,Tanker\116\116.wav,CHEMBULK LINDY,20170612,13848,6,1669-1635
117,117.wav,117,3,Tanker,Tanker\117\117.wav,LIME GALAXY,20170614,21303,432,1917-1017
118,118.wav,118,3,Tanker,Tanker\118\118.wav,KAIMON GALAXY,20170621,221235,26,682-836
119,119.wav,119,3,Tanker,Tanker\119\119.wav,SONGA PRIDE,20170623,232502,89,349-455
120,120.wav,120,3,Tanker,Tanker\120\120.wav,NORD STEADY,20170625,180527,91,847-258
121,121.wav,121,3,Tanker,Tanker\121\121.wav,KAIMON GALAXY,20170627,111336,519,1782-1920
122,122.wav,122,3,Tanker,Tanker\122\122.wav,KIRKEHOLMEN ,20170629,215813,342,1992-339
123,123.wav,123,3,Tanker,Tanker\123\123.wav,ARGENT COSMOS,20170630,210742,20,1815-1953
124,124.wav,124,3,Tanker,Tanker\124\124.wav,UACC MESSILA,20170704,145807,340,907-1317
125,125.wav,125,3,Tanker,Tanker\125\125.wav,CHAMPION EBONY,20170705,30515,360,1343-1706
126,126.wav,126,3,Tanker,Tanker\126\126.wav,MAERSK TIANJIN,20170705,144030,351,1480-641
127,127.wav,127,3,Tanker,Tanker\127\127.wav,ARISTAIOS ,20170711,191933,558,1971-1883
128,128.wav,128,3,Tanker,Tanker\128\128.wav,CHAMPION EBONY,20170712,13547,513,1864-1780
129,129.wav,129,3,Tanker,Tanker\129\129.wav,NORD INSPIRATION,20170712,15656,49,478-210
130,130.wav,130,3,Tanker,Tanker\130\130.wav,KIRKEHOLMEN ,20170720,64114,15,862-896
131,131.wav,131,3,Tanker,Tanker\131\131.wav,NORD STEADY,20170723,52014,79,695-1171
132,132.wav,132,3,Tanker,Tanker\132\132.wav,AMAGI GALAXY,20170723,192900,317,1789-786
133,133.wav,133,3,Tanker,Tanker\133\133.wav,KIRKEHOLMEN ,20170728,202445,204,1921-695
134,134.wav,134,3,Tanker,Tanker\134\134.wav,ENERGY CENTURY,20170802,135021,57,1413-1772
135,135.wav,135,3,Tanker,Tanker\135\135.wav,AMAGI GALAXY,20170815,215556,7,1027-1064
136,136.wav,136,3,Tanker,Tanker\136\136.wav,ATLANTIC LILY,20170818,60518,63,1736-1318
137,137.wav,137,3,Tanker,Tanker\137\137.wav,KIRKEHOLMEN ,20170822,172736,416,1995-425
138,138.wav,138,3,Tanker,Tanker\138\138.wav,HARBOUR FASHION,20170824,194518,20,1772-1918
139,139.wav,139,3,Tanker,Tanker\139\139.wav,NORD INSPIRATION,20170826,5931,69,432-303
140,140.wav,140,3,Tanker,Tanker\140\140.wav,KIRKEHOLMEN ,20170828,215454,410,1759-1058
141,141.wav,141,3,Tanker,Tanker\141\141.wav,NAVIG8 AMETHYST,20170901,205515,352,1533-911
142,142.wav,142,3,Tanker,Tanker\142\142.wav,GULF PEARL,20170909,191109,260,1900-56
143,143.wav,143,3,Tanker,Tanker\143\143.wav,OTTO H,20170911,204900,241,1730-918
144,144.wav,144,3,Tanker,Tanker\144\144.wav,NORD STEADY,20170920,232910,150,601-652
145,145.wav,145,3,Tanker,Tanker\145\145.wav,KAIMON GALAXY,20170923,64301,47,1979-1737
146,146.wav,146,3,Tanker,Tanker\146\146.wav,NORD STEADY,20171008,53342,87,845-441
147,147.wav,147,3,Tanker,Tanker\147\147.wav,SILVER HANNAH,20171013,115050,395,1358-1336
148,148.wav,148,3,Tanker,Tanker\148\148.wav,CHEMBULK LINDY,20171014,115751,40,1995-1781
149,149.wav,149,3,Tanker,Tanker\149\149.wav,STOLT SUN,20171015,90640,68,981-640
150,150.wav,150,3,Tanker,Tanker\150\150.wav,REINHOLD SCHULTE,20171023,214849,48,742-1020
151,151.wav,151,3,Tanker,Tanker\151\151.wav,MTM LONDON,20171024,85126,18,1312-1437
152,152.wav,152,3,Tanker,Tanker\152\152.wav,CHALLENGE PRELUDE,20171029,12439,27,1276-1112
153,153.wav,153,3,Tanker,Tanker\153\153.wav,LIME GALAXY,20171031,74400,8,691-731
154,154.wav,154,3,Tanker,Tanker\154\154.wav,AMAGI GALAXY,20171103,221438,6,1284-1323
155,155.wav,155,3,Tanker,Tanker\155\155.wav,MTM SANTOS,20171108,11449,523,1676-1985
156,156.wav,156,3,Tanker,Tanker\156\156.wav,NORD STEADY,20171110,231243,369,1955-509
157,157.wav,157,3,Tanker,Tanker\157\157.wav,CHEMBULK LINDY,20171121,180451,16,1976-1855
158,158.wav,158,3,Tanker,Tanker\158\158.wav,CHAMPION ISTRA,20171126,25605,420,1953-703
159,159.wav,159,3,Tanker,Tanker\159\159.wav,ARGENT SUNRISE,20171126,90000,20,953-1037
160,160.wav,160,3,Tanker,Tanker\160\160.wav,OMODOS ,20171127,162141,11,393-410
161,161.wav,161,3,Tanker,Tanker\161\161.wav,NORD STEADY,20171128,13710,25,1361-1195
162,162.wav,162,3,Tanker,Tanker\162\162.wav,KIRKEHOLMEN ,20171204,222708,101,1587-1409
163,163.wav,163,3,Tanker,Tanker\163\163.wav,NORD STEADY,20171207,150539,370,1316-890
164,164.wav,164,3,Tanker,Tanker\164\164.wav,TORM EMILIE,20171208,193936,409,1502-1519
165,165.wav,165,3,Tanker,Tanker\165\165.wav,KIRKEHOLMEN ,20171216,160715,317,1995-704
166,166.wav,166,3,Tanker,Tanker\166\166.wav,ARGENT ASTER,20171222,141803,84,1284-1513
167,167.wav,167,3,Tanker,Tanker\167\167.wav,SC CAPRICORN,20171222,152008,29,133-316
168,168.wav,168,3,Tanker,Tanker\168\168.wav,NORD STEADY,20171223,150450,498,1991-1857
169,169.wav,169,3,Tanker,Tanker\169\169.wav,AMAGI GALAXY,20171230,32310,6,1229-1242
170,170.wav,170,3,Tanker,Tanker\170\170.wav,SEAWAYS VISAYAS,20171230,195035,275,1411-531
171,171.wav,171,3,Tanker,Tanker\171\171.wav,NAVE ORBIT,20180117,54518,30,1241-1451
172,172.wav,172,3,Tanker,Tanker\172\172.wav,GULF PEARL,20180119,55815,24,274-448
173,173.wav,173,3,Tanker,Tanker\173\173.wav,GULF PEARL,20180119,55857,6,580-628
174,174.wav,174,3,Tanker,Tanker\174\174.wav,CHALLENGE PRELUDE,20180120,125003,554,1630-1488
175,175.wav,175,3,Tanker,Tanker\175\175.wav,MAERSK TOKYO,20180120,211000,13,1143-1231
176,176.wav,176,3,Tanker,Tanker\176\176.wav,NAVIG8 AMETRINE,20180121,222956,353,885-1781
177,177.wav,177,3,Tanker,Tanker\177\177.wav,XANTHOS ,20180129,25531,372,1088-1229
178,178.wav,178,3,Tanker,Tanker\178\178.wav,CABO DE,20180130,54907,49,1633-1967
179,179.wav,179,3,Tanker,Tanker\179\179.wav,UACC RAS,20180203,232020,169,956-1807
180,180.wav,180,3,Tanker,Tanker\180\180.wav,ZAO GALAXY,20180206,104114,89,1352-1983
181,181.wav,181,3,Tanker,Tanker\181\181.wav,ARGENT SUNRISE,20180208,234708,24,1822-1788
182,182.wav,182,3,Tanker,Tanker\182\182.wav,MELATI 5,20180211,180933,483,1984-893
183,183.wav,183,3,Tanker,Tanker\183\183.wav,SONGA PRIDE,20180221,20619,384,1950-645
184,184.wav,184,3,Tanker,Tanker\184\184.wav,NAVE SEXTANS,20180226,33811,235,481-1393
185,185.wav,185,3,Tanker,Tanker\185\185.wav,PAMISOS 636014809,20180303,60850,316,664-1480
186,186.wav,186,3,Tanker,Tanker\186\186.wav,CABO DE,20180311,212409,308,1842-308
187,187.wav,187,3,Tanker,Tanker\187\187.wav,OTTO H,20180314,155725,241,1929-336
188,188.wav,188,3,Tanker,Tanker\188\188.wav,NORDISLE ,20180314,171300,69,1922-1522
189,189.wav,189,3,Tanker,Tanker\189\189.wav,PELICAN STATE,20180316,163653,20,1993-1898
190,190.wav,190,3,Tanker,Tanker\190\190.wav,TORM AMALIE,20180316,174010,157,670-314
191,191.wav,191,3,Tanker,Tanker\191\191.wav,AGNES VICTORY,20180330,52745,257,151-1849
192,192.wav,192,3,Tanker,Tanker\192\192.wav,SOLOMON SEA,20180330,73435,354,1983-867
193,193.wav,193,3,Tanker,Tanker\193\193.wav,ARPEGGIO ,20180402,60415,350,885-1080
194,194.wav,194,3,Tanker,Tanker\194\194.wav,SELECAO ,20180405,25825,74,1348-1319
195,195.wav,195,3,Tanker,Tanker\195\195.wav,CHEMBULK LINDY,20180411,81047,10,1101-1038
196,196.wav,196,3,Tanker,Tanker\196\196.wav,SEAVOYAGER ,20180411,193519,251,271-1576
197,197.wav,197,3,Tanker,Tanker\197\197.wav,KIRKEHOLMEN ,20180413,212814,10,912-982
198,198.wav,198,3,Tanker,Tanker\198\198.wav,FG ROTTERDAM,20180417,5456,293,1692-887
199,199.wav,199,3,Tanker,Tanker\199\199.wav,NAVIG8 ALMANDINE,20180418,4704,442,1434-1978
200,200.wav,200,3,Tanker,Tanker\200\200.wav,NAVIG8 STELLAR,20180421,25328,698,1980-1903
201,201.wav,201,3,Tanker,Tanker\201\201.wav,CARIBBEAN SPIRIT,20180422,171202,21,977-821
202,202.wav,202,3,Tanker,Tanker\202\202.wav,AZALEA GALAXY,20180423,63301,33,1824-1629
203,203.wav,203,3,Tanker,Tanker\203\203.wav,TORM CARINA,20180425,83048,660,1984-1986
204,204.wav,204,3,Tanker,Tanker\204\204.wav,AMERICAN FREEDOM,20180430,33225,254,226-1947
205,205.wav,205,3,Tanker,Tanker\205\205.wav,CABO KAMUI,20180506,14248,370,976-1762
206,206.wav,206,3,Tanker,Tanker\206\206.wav,CTG MAGNESIUM,20180507,212341,542,1654-1983
207,207.wav,207,3,Tanker,Tanker\207\207.wav,SEAWAYS VISAYAS,20180508,232237,26,1483-1307
208,208.wav,208,3,Tanker,Tanker\208\208.wav,AQUALEADER ,20180509,124919,49,1015-1358
209,209.wav,209,3,Tanker,Tanker\209\209.wav,LOUIS P,20180510,62026,316,1216-1214
210,210.wav,210,3,Tanker,Tanker\210\210.wav,CHAMPION ISTRA,20180515,31557,239,503-1781
211,211.wav,211,3,Tanker,Tanker\211\211.wav,GREEN SKY,20180515,224627,65,1366-1818
212,212.wav,212,3,Tanker,Tanker\212\212.wav,KERALA ,20180519,103407,181,1078-726
213,213.wav,213,3,Tanker,Tanker\213\213.wav,HERMIONE ,20180520,130618,20,1056-980
214,214.wav,214,3,Tanker,Tanker\214\214.wav,INTREPID SEAHAWK,20180523,171217,49,699-1043
215,215.wav,215,3,Tanker,Tanker\215\215.wav,BOCHEM LONDON,20180525,133954,133,578-904
216,216.wav,216,3,Tanker,Tanker\216\216.wav,ARISTOKLIS ,20180529,93622,156,974-78
217,217.wav,217,3,Tanker,Tanker\217\217.wav,M/T CHAMPION,20180602,172529,370,244-1932
218,218.wav,218,3,Tanker,Tanker\218\218.wav,HODAKA GALAXY,20180604,122139,140,1246-384
219,219.wav,219,3,Tanker,Tanker\219\219.wav,KIRKEHOLMEN ,20180607,124208,14,839-893
220,220.wav,220,3,Tanker,Tanker\220\220.wav,BW LIBRA,20180610,135143,308,1170-331
221,221.wav,221,3,Tanker,Tanker\221\221.wav,NAVIG8 AMESSI,20180612,32309,351,428-1575
222,222.wav,222,3,Tanker,Tanker\222\222.wav,NAEBA GALAXY,20180612,230757,351,1171-1237
223,223.wav,223,3,Tanker,Tanker\223\223.wav,CHEMBULK LINDY,20180616,225427,50,1574-1225
224,224.wav,224,3,Tanker,Tanker\224\224.wav,TAVROPOS 636016731,20180618,31247,37,453-531
225,225.wav,225,3,Tanker,Tanker\225\225.wav,PANAGIA THALASSINI,20180629,1835,366,1969-658
226,226.wav,226,3,Tanker,Tanker\226\226.wav,SERENE SEA,20180630,173807,30,1521-1300
227,227.wav,227,3,Tanker,Tanker\227\227.wav,NORD SUPREME,20180702,172918,516,1965-1067
228,228.wav,228,3,Tanker,Tanker\228\228.wav,PANAGIA THALASSINI,20180703,143323,537,1847-1884
229,229.wav,229,3,Tanker,Tanker\229\229.wav,STI LEBLON,20180705,150247,188,203-996
230,230.wav,230,3,Tanker,Tanker\230\230.wav,FAIRCHEM FILLY,20180710,65625,45,1532-1221
231,231.wav,231,3,Tanker,Tanker\231\231.wav,ARGENT DAISY,20180722,202611,496,1732-1653
232,232.wav,232,3,Tanker,Tanker\232\232.wav,ARISTOKLIS ,20180725,13354,502,1993-1982
233,233.wav,233,3,Tanker,Tanker\233\233.wav,NAVIG8 STELLAR,20180725,222512,351,1251-1953
234,234.wav,234,3,Tanker,Tanker\234\234.wav,BOCHEM LONDON,20180725,233127,68,671-1101
235,235.wav,235,3,Tanker,Tanker\235\235.wav,THOMAS ZAFIRAS,20180821,5202,350,1074-1295
236,236.wav,236,3,Tanker,Tanker\236\236.wav,SONGA PRIDE,20180822,142019,398,1395-1803
237,237.wav,237,3,Tanker,Tanker\237\237.wav,CHAMPION TIDE,20180826,10604,26,808-923
238,238.wav,238,3,Tanker,Tanker\238\238.wav,KIRKEHOLMEN ,20180904,183908,19,1853-1961
239,239.wav,239,3,Tanker,Tanker\239\239.wav,SM OSPREY,20180914,24440,20,1855-1939
240,240.wav,240,3,Tanker,Tanker\240\240.wav,KIRKEHOLMEN ,20180915,150156,98,823-631
1,1.wav,1,4,Tug,Tug\1\1.wav,SEASPAN QUEEN,20171104,200959,636,1315-1922
2,2.wav,2,4,Tug,Tug\2\2.wav,SEASPAN RAVEN,20171105,52000,1148,1999-1993
3,3.wav,3,4,Tug,Tug\3\3.wav,SEASPAN RAVEN,20171105,231504,656,1865-1968
4,4.wav,4,4,Tug,Tug\4\4.wav,GLENDALE ,20171106,144640,1032,1996-1987
5,5.wav,5,4,Tug,Tug\5\5.wav,SEASPAN RAVEN,20171106,162112,626,2000-1999
6,6.wav,6,4,Tug,Tug\6\6.wav,JOSE NARVAEZ,20171107,95309,387,1986-1955
7,7.wav,7,4,Tug,Tug\7\7.wav,SEASPAN COMMANDER,20171111,25236,389,1206-1607
8,8.wav,8,4,Tug,Tug\8\8.wav,SEASPAN RAVEN,20171114,72235,602,1985-1943
9,9.wav,9,4,Tug,Tug\9\9.wav,MILLENNIUMSTAR ,20171115,133938,203,831-10
10,10.wav,10,4,Tug,Tug\10\10.wav,SEASPAN OSPREY,20171116,65145,534,1268-1999
11,11.wav,11,4,Tug,Tug\11\11.wav,OCEAN BETTY,20171116,221717,746,1999-1671
12,12.wav,12,4,Tug,Tug\12\12.wav,OCEAN BETTY,20171118,82934,931,1942-889
13,13.wav,13,4,Tug,Tug\13\13.wav,JOSE NARVAEZ,20171118,141340,653,1957-1976
14,14.wav,14,4,Tug,Tug\14\14.wav,SEASPAN RAVEN,20171118,161506,813,1765-1955
15,15.wav,15,4,Tug,Tug\15\15.wav,OCEAN BETTY,20171118,185844,400,1608-1980
16,16.wav,16,4,Tug,Tug\16\16.wav,SEA IMP,20171118,234607,889,1982-1748
17,17.wav,17,4,Tug,Tug\17\17.wav,SEASPAN QUEEN,20171120,34014,730,1800-1647
18,18.wav,18,4,Tug,Tug\18\18.wav,JOSE NARVAEZ,20171120,54508,390,1983-1946
19,19.wav,19,4,Tug,Tug\19\19.wav,SEASPAN COMMANDER,20171121,101117,1051,1785-1733
20,20.wav,20,4,Tug,Tug\20\20.wav,NORTH ARM,20171122,124609,718,1807-1520
21,21.wav,21,4,Tug,Tug\21\21.wav,SEASPAN COMMANDER,20171123,35104,896,1719-1661
22,22.wav,22,4,Tug,Tug\22\22.wav,JOSE NARVAEZ,20171124,12051,630,1934-1951
23,23.wav,23,4,Tug,Tug\23\23.wav,SEASPAN COMMANDER,20171127,65148,290,1966-1675
24,24.wav,24,4,Tug,Tug\24\24.wav,CALVIN ,20171127,105442,1750,1205-1777
25,25.wav,25,4,Tug,Tug\25\25.wav,SEASPAN COMMANDER,20171128,52238,922,1127-1964
26,26.wav,26,4,Tug,Tug\26\26.wav,CALVIN ,20171128,103033,498,1994-1185
27,27.wav,27,4,Tug,Tug\27\27.wav,ARCTIC TAGLU,20171128,120847,516,1805-1220
28,28.wav,28,4,Tug,Tug\28\28.wav,SEASPAN COMMANDER,20171128,190038,330,1884-1590
29,29.wav,29,4,Tug,Tug\29\29.wav,SEASPAN QUEEN,20171128,193239,234,1167-1739
30,30.wav,30,4,Tug,Tug\30\30.wav,SEASPAN RAVEN,20171129,11700,576,1920-1982
31,31.wav,31,4,Tug,Tug\31\31.wav,SEASPAN COMMANDER,20171130,211648,334,1813-1638
32,32.wav,32,4,Tug,Tug\32\32.wav,ISLAND TUGGER,20171201,24235,572,1766-552
33,33.wav,33,4,Tug,Tug\33\33.wav,OCEAN BETTY,20171201,82249,612,1994-1999
34,34.wav,34,4,Tug,Tug\34\34.wav,SEASPAN RAVEN,20171201,123228,530,1943-1989
35,35.wav,35,4,Tug,Tug\35\35.wav,SEA IMP,20171201,125826,654,2000-709
36,36.wav,36,4,Tug,Tug\36\36.wav,SEASPAN COMMANDER,20171201,190230,662,1302-1942
37,37.wav,37,4,Tug,Tug\37\37.wav,SEASPAN EAGLE,20171202,71515,357,1315-1913
38,38.wav,38,4,Tug,Tug\38\38.wav,SEASPAN EAGLE,20171202,145149,773,1767-1988
39,39.wav,39,4,Tug,Tug\39\39.wav,OCEAN GORDON,20171203,32822,722,944-1928
40,40.wav,40,4,Tug,Tug\40\40.wav,SEASPAN COMMANDER,20171203,113510,199,1459-1311
41,41.wav,41,4,Tug,Tug\41\41.wav,SEASPAN COMMANDER,20171203,194116,614,1428-1898
42,42.wav,42,4,Tug,Tug\42\42.wav,SEASPAN EAGLE,20171204,34437,310,1921-1431
43,43.wav,43,4,Tug,Tug\43\43.wav,SEASPAN EAGLE,20171204,81356,770,1996-1992
44,44.wav,44,4,Tug,Tug\44\44.wav,SEASPAN RAVEN,20171205,145246,400,1994-1990
45,45.wav,45,4,Tug,Tug\45\45.wav,SEASPAN EAGLE,20171207,4027,326,1776-1330
46,46.wav,46,4,Tug,Tug\46\46.wav,OCEAN GORDON,20171207,52942,350,1558-1242
47,47.wav,47,4,Tug,Tug\47\47.wav,SEASPAN EAGLE,20171207,114556,739,1987-1949
48,48.wav,48,4,Tug,Tug\48\48.wav,SEASPAN RAVEN,20171209,41322,573,1953-1999
49,49.wav,49,4,Tug,Tug\49\49.wav,SEASPAN EAGLE,20171210,132956,190,1037-1978
50,50.wav,50,4,Tug,Tug\50\50.wav,SEASPAN COMMANDER,20171212,94549,348,1758-1320
51,51.wav,51,4,Tug,Tug\51\51.wav,SEASPAN EAGLE,20171213,65742,861,1992-1930
52,52.wav,52,4,Tug,Tug\52\52.wav,SEASPAN RAVEN,20171213,71716,860,1936-1905
53,53.wav,53,4,Tug,Tug\53\53.wav,CAPTAIN COOK,20171214,184639,371,221-1946
54,54.wav,54,4,Tug,Tug\54\54.wav,SEASPAN RAVEN,20171215,5343,674,1990-1996
55,55.wav,55,4,Tug,Tug\55\55.wav,ISLAND TUGGER,20171215,103412,335,1046-738
56,56.wav,56,4,Tug,Tug\56\56.wav,SEASPAN EAGLE,20171215,170639,634,1944-1973
57,57.wav,57,4,Tug,Tug\57\57.wav,SEASPAN RAVEN,20171231,215301,546,1971-1955
58,58.wav,58,4,Tug,Tug\58\58.wav,CALVIN ,20171217,20446,564,1977-1966
59,59.wav,59,4,Tug,Tug\59\59.wav,SEASPAN RAVEN,20171217,50224,612,1943-1837
60,60.wav,60,4,Tug,Tug\60\60.wav,OCEAN BETTY,20171219,210546,786,1493-1806
61,61.wav,61,4,Tug,Tug\61\61.wav,SEASPAN RAVEN,20171221,114923,240,1170-1834
62,62.wav,62,4,Tug,Tug\62\62.wav,JOSE NARVAEZ,20171221,144544,460,1840-1805
63,63.wav,63,4,Tug,Tug\63\63.wav,SEASPAN COMMANDER,20171223,233721,267,1295-1874
64,64.wav,64,4,Tug,Tug\64\64.wav,SEASPAN RAVEN,20171225,15934,567,1917-1895
65,65.wav,65,4,Tug,Tug\65\65.wav,SEASPAN RAVEN,20171226,43830,417,1996-1999
66,66.wav,66,4,Tug,Tug\66\66.wav,CALVIN ,20171227,110853,644,1124-1760
67,67.wav,67,4,Tug,Tug\67\67.wav,SEASPAN COMMANDER,20171229,195709,370,1205-1458
68,68.wav,68,4,Tug,Tug\68\68.wav,CALVIN ,20171229,200347,504,1983-1429
69,69.wav,69,4,Tug,Tug\69\69.wav,OCEAN BETTY,20171230,163503,866,1718-1995
